"","Month","mean_chl_a_at_month"
"1",1,0.0618678680728066
"2",2,0.333800236951474
"3",3,0.761788226603785
"4",4,1.14259992899942
"5",5,2.50491972993701
"6",6,2.59074926214356
"7",7,8.67930766200274
"8",8,3.4138235
"9",9,1.04793895898364
"10",10,2.74237545378825
"11",11,0.447319014913429
"12",12,0.0982901009784872
